"AMAZING STORIES.jpg","AMAZING STORIES_thumb.jpg"
"ANYONE BUT YOU.jpg","ANYONE BUT YOU_thumb.jpg"
"AVATAR THE WAY OF WATER.jpg","AVATAR THE WAY OF WATER_thumb.jpg"
"AVATAR.jpg","AVATAR_thumb.jpg"
"BATMAN V SUPERMAN.jpg","BATMAN V SUPERMAN_thumb.jpg"
"BLACK BIRD.jpg","BLACK BIRD_thumb.jpg"
"DEFENDING JACOB.jpg","DEFENDING JACOB_thumb.jpg"
"FOR ALL MANKIND.jpg","FOR ALL MANKIND_thumb.jpg"
"FOUNDATION.jpg","FOUNDATION_thumb.jpg"
"FURIOSA.jpg","FURIOSA_thumb.jpg"
"HOME BEFORE DARK.jpg","HOME BEFORE DARK_thumb.jpg"
"INVASION.jpg","INVASION_thumb.jpg"
"LISEY'S STORY.jpg","LISEY'S STORY_thumb.jpg"
"LITTLE VOICE.jpg","LITTLE VOICE_thumb.jpg"
"MAD MAX FURY ROAD.jpg","MAD MAX FURY ROAD_thumb.jpg"
"MAN OF STEEL.jpg","MAN OF STEEL_thumb.jpg"
"OPPENHEIMER.jpg","OPPENHEIMER_thumb.jpg"
"PACHINKO.jpg","PACHINKO_thumb.jpg"
"RA ONE.jpg","RA ONE_thumb.jpg"
"ROAR.jpg","ROAR_thumb.jpg"
"SEE.jpg","SEE_thumb.jpg"
"SERVANT.jpg","SERVANT_thumb.jpg"
"SEVERANCE.jpg","SEVERANCE_thumb.jpg"
"SHINING GIRLS.jpg","SHINING GIRLS_thumb.jpg"
"SLOW HORSES.jpg","SLOW HORSES_thumb.jpg"
"SURFACE.jpg","SURFACE_thumb.jpg"
"SUSPICION.jpg","SUSPICION_thumb.jpg"
"SWAGGER.jpg","SWAGGER_thumb.jpg"
"THE ESSEX SERPANT.jpg","THE ESSEX SERPANT_thumb.jpg"
"THE LAST DAYS OF PTOLEMY GREY.jpg","THE LAST DAYS OF PTOLEMY GREY_thumb.jpg"
"THE MENU.jpg","THE MENU_thumb.jpg"
"THE MORNING SHOW.jpg","THE MORNING SHOW_thumb.jpg"
"THE MOSQUITO COAST.jpg","THE MOSQUITO COAST_thumb.jpg"
"THE QUEEN'S GAMBIT.jpg","THE QUEEN'S GAMBIT_thumb.jpg"
"THE SHRINK NEXT DOOR.jpg","THE SHRINK NEXT DOOR_thumb.jpg"
"TRUTH BE TOLD.jpg","TRUTH BE TOLD_thumb.jpg"
"WE CRASHED.jpg","WE CRASHED_thumb.jpg"
"am.jpg","am_thumb.jpg"
"ama.jpg","ama_thumb.jpg"
"img_1604.jpg","img_1604_thumb.jpg"
"killer.png","killer_thumb.jpg"
"proba.jpg","proba_thumb.jpg"
"qrcode.png","qrcode_thumb.jpg"
